{
  "[PAD]": 71,
  "[UNK]": 70,
  "|": 62,
  "ँ": 38,
  "ं": 26,
  "ः": 6,
  "अ": 49,
  "आ": 37,
  "इ": 16,
  "ई": 10,
  "उ": 20,
  "ऊ": 40,
  "ऋ": 60,
  "ऍ": 46,
  "ए": 67,
  "ऐ": 32,
  "ऑ": 64,
  "ओ": 33,
  "औ": 35,
  "क": 42,
  "ख": 1,
  "ग": 3,
  "घ": 66,
  "च": 45,
  "छ": 39,
  "ज": 48,
  "झ": 8,
  "ञ": 12,
  "ट": 13,
  "ठ": 21,
  "ड": 30,
  "ढ": 36,
  "ण": 24,
  "त": 14,
  "थ": 28,
  "द": 69,
  "ध": 2,
  "न": 50,
  "प": 61,
  "फ": 43,
  "ब": 4,
  "भ": 27,
  "म": 11,
  "य": 47,
  "र": 34,
  "ल": 58,
  "व": 15,
  "श": 63,
  "ष": 57,
  "स": 68,
  "ह": 54,
  "़": 25,
  "ा": 56,
  "ि": 0,
  "ी": 41,
  "ु": 59,
  "ू": 52,
  "ृ": 19,
  "े": 53,
  "ै": 9,
  "ॉ": 31,
  "ो": 7,
  "ौ": 51,
  "्": 5,
  "क़": 22,
  "ख़": 29,
  "ग़": 18,
  "ज़": 44,
  "ड़": 23,
  "ढ़": 55,
  "फ़": 17,
  "ॠ": 65
}
